{
  "average_frame_build_time_millis": 197.291,
  "90th_percentile_frame_build_time_millis": 325.229,
  "99th_percentile_frame_build_time_millis": 325.229,
  "worst_frame_build_time_millis": 325.229,
  "missed_frame_build_budget_count": 2,
  "average_frame_rasterizer_time_millis": 7.6579999999999995,
  "90th_percentile_frame_rasterizer_time_millis": 8.895,
  "99th_percentile_frame_rasterizer_time_millis": 8.895,
  "worst_frame_rasterizer_time_millis": 8.895,
  "missed_frame_rasterizer_budget_count": 0,
  "frame_count": 2,
  "frame_rasterizer_count": 2,
  "frame_build_times": [
    325229,
    69353
  ],
  "frame_rasterizer_times": [
    6421,
    8895
  ],
  "frame_begin_times": [
    0,
    333172
  ],
  "frame_rasterizer_begin_times": [
    0,
    94819
  ],
  "average_vsync_transitions_missed": 1.0,
  "90th_percentile_vsync_transitions_missed": 1.0,
  "99th_percentile_vsync_transitions_missed": 1.0
}